Workbook

Sheet Raw_Data
A1: age | B1: job | C1: marital | D1: education | E1: default | F1: balance | G1: housing | H1: loan | I1: contact | J1: day | K1: month | L1: duration | M1: campaign | N1: pdays | O1: previous | P1: poutcome | Q1: y
A2: 30 | B2: unemployed | C2: married | D2: primary | E2: no | F2: 1787 | G2: no | H2: no | I2: cellular | J2: 19 | K2: oct | L2: 79 | M2: 1 | N2: -1 | O2: 0 | P2: unknown | Q2: no
A3: 33 | B3: services | C3: married | D3: secondary | E3: no | F3: 4789 | G3: yes | H3: yes | I3: cellular | J3: 11 | K3: may | L3: 220 | M3: 1 | N3: 339 | O3: 4 | P3: failure | Q3: no
A4: 35 | B4: management | C4: single | D4: tertiary | E4: no | F4: 1350 | G4: yes | H4: no | I4: cellular | J4: 16 | K4: apr | L4: 185 | M4: 1 | N4: 330 | O4: 1 | P4: failure | Q4: no
A5: 30 | B5: management | C5: married | D5: tertiary | E5: no | F5: 1476 | G5: yes | H5: yes | I5: unknown | J5: 3 | K5: jun | L5: 199 | M5: 4 | N5: -1 | O5: 0 | P5: unknown | Q5: no
A6: 59 | B6: blue-collar | C6: married | D6: secondary | E6: no | F6: 0 | G6: yes | H6: no | I6: unknown | J6: 5 | K6: may | L6: 226 | M6: 1 | N6: -1 | O6: 0 | P6: unknown | Q6: no
A7: 35 | B7: management | C7: single | D7: tertiary | E7: no | F7: 747 | G7: no | H7: no | I7: cellular | J7: 23 | K7: feb | L7: 141 | M7: 2 | N7: 176 | O7: 3 | P7: failure | Q7: no
A8: 36 | B8: self-employed | C8: married | D8: tertiary | E8: no | F8: 307 | G8: yes | H8: no | I8: cellular | J8: 14 | K8: may | L8: 341 | M8: 1 | N8: 330 | O8: 2 | P8: other | Q8: no
A9: 39 | B9: technician | C9: married | D9: secondary | E9: no | F9: 147 | G9: yes | H9: no | I9: cellular | J9: 6 | K9: may | L9: 151 | M9: 2 | N9: -1 | O9: 0 | P9: unknown | Q9: no
A10: 41 | B10: entrepreneur | C10: married | D10: tertiary | E10: no | F10: 221 | G10: yes | H10: no | I10: unknown | J10: 14 | K10: may | L10: 57 | M10: 2 | N10: -1 | O10: 0 | P10: unknown | Q10: no
A11: 43 | B11: services | C11: married | D11: primary | E11: no | F11: -88 | G11: yes | H11: yes | I11: cellular | J11: 17 | K11: apr | L11: 313 | M11: 1 | N11: 147 | O11: 2 | P11: failure | Q11: no
A12: 39 | B12: services | C12: married | D12: secondary | E12: no | F12: 9374 | G12: yes | H12: no | I12: unknown | J12: 20 | K12: may | L12: 273 | M12: 1 | N12: -1 | O12: 0 | P12: unknown | Q12: no
A13: 43 | B13: admin. | C13: married | D13: secondary | E13: no | F13: 264 | G13: yes | H13: no | I13: cellular | J13: 17 | K13: apr | L13: 113 | M13: 2 | N13: -1 | O13: 0 | P13: unknown | Q13: no
... A4522: 44 | B4522: entrepreneur | C4522: single | D4522: tertiary | E4522: no | F4522: 1136 | G4522: yes | H4522: yes | I4522: cellular | J4522: 3 | K4522: apr | L4522: 345 | M4522: 2 | N4522: 249 | O4522: 7 | P4522: other | Q4522: no

Sheet Cleaned_Data
A1: customer_id | B1: age | C1: job | D1: marital | E1: education | F1: default_raw | G1: balance | H1: housing_loan | I1: personal_loan | J1: default_flag | K1: housing_loan_flag | L1: personal_loan_flag | M1: negative_balance_flag | N1: age_band | O1: balance_band | P1: risk_points | Q1: risk_tier
A2: 1 | B2: =Raw_Data!A2 -> 30 | C2: =SUBSTITUTE(Raw_Data!B2,".","") -> unemployed | D2: =Raw_Data!C2 -> married | E2: =Raw_Data!D2 -> primary | F2: =Raw_Data!E2 -> no | G2: =Raw_Data!F2 -> 1787 | H2: =Raw_Data!G2 -> no | I2: =Raw_Data!H2 -> no | J2: =IF(F2="yes",1,0) -> 0 | K2: =IF(H2="yes",1,0) -> 0 | L2: =IF(I2="yes",1,0) -> 0 | M2: =IF(G2<0,1,0) -> 0 | N2: =_xlfn.IFS(B2<30,"Under 30",B2<40,"30-39",B2<50,"40-49",B2<60,"50-59",TRUE(),"60+") -> 30-39 | O2: =_xlfn.IFS(G2<0,"1 Negative",G2=0,"2 Zero",G2<=500,"3 1-500",G2<=2000,"4 501-2000",TRUE(),"5 Above 2000") -> 4 501-2000 | P2: =Lookups!$B$2*M2+Lookups!$B$3*L2 -> 0 | Q2: =INDEX(Lookups!$E$2:$E$5,MATCH(P2,Lookups!$D$2:$D$5,0)) -> Low
A3: 2 | B3: =Raw_Data!A3 -> 33 | C3: =SUBSTITUTE(Raw_Data!B3,".","") -> services | D3: =Raw_Data!C3 -> married | E3: =Raw_Data!D3 -> secondary | F3: =Raw_Data!E3 -> no | G3: =Raw_Data!F3 -> 4789 | H3: =Raw_Data!G3 -> yes | I3: =Raw_Data!H3 -> yes | J3: =IF(F3="yes",1,0) -> 0 | K3: =IF(H3="yes",1,0) -> 1 | L3: =IF(I3="yes",1,0) -> 1 | M3: =IF(G3<0,1,0) -> 0 | N3: =_xlfn.IFS(B3<30,"Under 30",B3<40,"30-39",B3<50,"40-49",B3<60,"50-59",TRUE(),"60+") -> 30-39 | O3: =_xlfn.IFS(G3<0,"1 Negative",G3=0,"2 Zero",G3<=500,"3 1-500",G3<=2000,"4 501-2000",TRUE(),"5 Above 2000") -> 5 Above 2000 | P3: =Lookups!$B$2*M3+Lookups!$B$3*L3 -> 1 | Q3: =INDEX(Lookups!$E$2:$E$5,MATCH(P3,Lookups!$D$2:$D$5,0)) -> Medium
A4: 3 | B4: =Raw_Data!A4 -> 35 | C4: =SUBSTITUTE(Raw_Data!B4,".","") -> management | D4: =Raw_Data!C4 -> single | E4: =Raw_Data!D4 -> tertiary | F4: =Raw_Data!E4 -> no | G4: =Raw_Data!F4 -> 1350 | H4: =Raw_Data!G4 -> yes | I4: =Raw_Data!H4 -> no | J4: =IF(F4="yes",1,0) -> 0 | K4: =IF(H4="yes",1,0) -> 1 | L4: =IF(I4="yes",1,0) -> 0 | M4: =IF(G4<0,1,0) -> 0 | N4: =_xlfn.IFS(B4<30,"Under 30",B4<40,"30-39",B4<50,"40-49",B4<60,"50-59",TRUE(),"60+") -> 30-39 | O4: =_xlfn.IFS(G4<0,"1 Negative",G4=0,"2 Zero",G4<=500,"3 1-500",G4<=2000,"4 501-2000",TRUE(),"5 Above 2000") -> 4 501-2000 | P4: =Lookups!$B$2*M4+Lookups!$B$3*L4 -> 0 | Q4: =INDEX(Lookups!$E$2:$E$5,MATCH(P4,Lookups!$D$2:$D$5,0)) -> Low
A5: 4 | B5: =Raw_Data!A5 -> 30 | C5: =SUBSTITUTE(Raw_Data!B5,".","") -> management | D5: =Raw_Data!C5 -> married | E5: =Raw_Data!D5 -> tertiary | F5: =Raw_Data!E5 -> no | G5: =Raw_Data!F5 -> 1476 | H5: =Raw_Data!G5 -> yes | I5: =Raw_Data!H5 -> yes | J5: =IF(F5="yes",1,0) -> 0 | K5: =IF(H5="yes",1,0) -> 1 | L5: =IF(I5="yes",1,0) -> 1 | M5: =IF(G5<0,1,0) -> 0 | N5: =_xlfn.IFS(B5<30,"Under 30",B5<40,"30-39",B5<50,"40-49",B5<60,"50-59",TRUE(),"60+") -> 30-39 | O5: =_xlfn.IFS(G5<0,"1 Negative",G5=0,"2 Zero",G5<=500,"3 1-500",G5<=2000,"4 501-2000",TRUE(),"5 Above 2000") -> 4 501-2000 | P5: =Lookups!$B$2*M5+Lookups!$B$3*L5 -> 1 | Q5: =INDEX(Lookups!$E$2:$E$5,MATCH(P5,Lookups!$D$2:$D$5,0)) -> Medium
A6: 5 | B6: =Raw_Data!A6 -> 59 | C6: =SUBSTITUTE(Raw_Data!B6,".","") -> blue-collar | D6: =Raw_Data!C6 -> married | E6: =Raw_Data!D6 -> secondary | F6: =Raw_Data!E6 -> no | G6: =Raw_Data!F6 -> 0 | H6: =Raw_Data!G6 -> yes | I6: =Raw_Data!H6 -> no | J6: =IF(F6="yes",1,0) -> 0 | K6: =IF(H6="yes",1,0) -> 1 | L6: =IF(I6="yes",1,0) -> 0 | M6: =IF(G6<0,1,0) -> 0 | N6: =_xlfn.IFS(B6<30,"Under 30",B6<40,"30-39",B6<50,"40-49",B6<60,"50-59",TRUE(),"60+") -> 50-59 | O6: =_xlfn.IFS(G6<0,"1 Negative",G6=0,"2 Zero",G6<=500,"3 1-500",G6<=2000,"4 501-2000",TRUE(),"5 Above 2000") -> 2 Zero | P6: =Lookups!$B$2*M6+Lookups!$B$3*L6 -> 0 | Q6: =INDEX(Lookups!$E$2:$E$5,MATCH(P6,Lookups!$D$2:$D$5,0)) -> Low
A7: 6 | B7: =Raw_Data!A7 -> 35 | C7: =SUBSTITUTE(Raw_Data!B7,".","") -> management | D7: =Raw_Data!C7 -> single | E7: =Raw_Data!D7 -> tertiary | F7: =Raw_Data!E7 -> no | G7: =Raw_Data!F7 -> 747 | H7: =Raw_Data!G7 -> no | I7: =Raw_Data!H7 -> no | J7: =IF(F7="yes",1,0) -> 0 | K7: =IF(H7="yes",1,0) -> 0 | L7: =IF(I7="yes",1,0) -> 0 | M7: =IF(G7<0,1,0) -> 0 | N7: =_xlfn.IFS(B7<30,"Under 30",B7<40,"30-39",B7<50,"40-49",B7<60,"50-59",TRUE(),"60+") -> 30-39 | O7: =_xlfn.IFS(G7<0,"1 Negative",G7=0,"2 Zero",G7<=500,"3 1-500",G7<=2000,"4 501-2000",TRUE(),"5 Above 2000") -> 4 501-2000 | P7: =Lookups!$B$2*M7+Lookups!$B$3*L7 -> 0 | Q7: =INDEX(Lookups!$E$2:$E$5,MATCH(P7,Lookups!$D$2:$D$5,0)) -> Low
A8: 7 | B8: =Raw_Data!A8 -> 36 | C8: =SUBSTITUTE(Raw_Data!B8,".","") -> self-employed | D8: =Raw_Data!C8 -> married | E8: =Raw_Data!D8 -> tertiary | F8: =Raw_Data!E8 -> no | G8: =Raw_Data!F8 -> 307 | H8: =Raw_Data!G8 -> yes | I8: =Raw_Data!H8 -> no | J8: =IF(F8="yes",1,0) -> 0 | K8: =IF(H8="yes",1,0) -> 1 | L8: =IF(I8="yes",1,0) -> 0 | M8: =IF(G8<0,1,0) -> 0 | N8: =_xlfn.IFS(B8<30,"Under 30",B8<40,"30-39",B8<50,"40-49",B8<60,"50-59",TRUE(),"60+") -> 30-39 | O8: =_xlfn.IFS(G8<0,"1 Negative",G8=0,"2 Zero",G8<=500,"3 1-500",G8<=2000,"4 501-2000",TRUE(),"5 Above 2000") -> 3 1-500 | P8: =Lookups!$B$2*M8+Lookups!$B$3*L8 -> 0 | Q8: =INDEX(Lookups!$E$2:$E$5,MATCH(P8,Lookups!$D$2:$D$5,0)) -> Low
A9: 8 | B9: =Raw_Data!A9 -> 39 | C9: =SUBSTITUTE(Raw_Data!B9,".","") -> technician | D9: =Raw_Data!C9 -> married | E9: =Raw_Data!D9 -> secondary | F9: =Raw_Data!E9 -> no | G9: =Raw_Data!F9 -> 147 | H9: =Raw_Data!G9 -> yes | I9: =Raw_Data!H9 -> no | J9: =IF(F9="yes",1,0) -> 0 | K9: =IF(H9="yes",1,0) -> 1 | L9: =IF(I9="yes",1,0) -> 0 | M9: =IF(G9<0,1,0) -> 0 | N9: =_xlfn.IFS(B9<30,"Under 30",B9<40,"30-39",B9<50,"40-49",B9<60,"50-59",TRUE(),"60+") -> 30-39 | O9: =_xlfn.IFS(G9<0,"1 Negative",G9=0,"2 Zero",G9<=500,"3 1-500",G9<=2000,"4 501-2000",TRUE(),"5 Above 2000") -> 3 1-500 | P9: =Lookups!$B$2*M9+Lookups!$B$3*L9 -> 0 | Q9: =INDEX(Lookups!$E$2:$E$5,MATCH(P9,Lookups!$D$2:$D$5,0)) -> Low
A10: 9 | B10: =Raw_Data!A10 -> 41 | C10: =SUBSTITUTE(Raw_Data!B10,".","") -> entrepreneur | D10: =Raw_Data!C10 -> married | E10: =Raw_Data!D10 -> tertiary | F10: =Raw_Data!E10 -> no | G10: =Raw_Data!F10 -> 221 | H10: =Raw_Data!G10 -> yes | I10: =Raw_Data!H10 -> no | J10: =IF(F10="yes",1,0) -> 0 | K10: =IF(H10="yes",1,0) -> 1 | L10: =IF(I10="yes",1,0) -> 0 | M10: =IF(G10<0,1,0) -> 0 | N10: =_xlfn.IFS(B10<30,"Under 30",B10<40,"30-39",B10<50,"40-49",B10<60,"50-59",TRUE(),"60+") -> 40-49 | O10: =_xlfn.IFS(G10<0,"1 Negative",G10=0,"2 Zero",G10<=500,"3 1-500",G10<=2000,"4 501-2000",TRUE(),"5 Above 2000") -> 3 1-500 | P10: =Lookups!$B$2*M10+Lookups!$B$3*L10 -> 0 | Q10: =INDEX(Lookups!$E$2:$E$5,MATCH(P10,Lookups!$D$2:$D$5,0)) -> Low
A11: 10 | B11: =Raw_Data!A11 -> 43 | C11: =SUBSTITUTE(Raw_Data!B11,".","") -> services | D11: =Raw_Data!C11 -> married | E11: =Raw_Data!D11 -> primary | F11: =Raw_Data!E11 -> no | G11: =Raw_Data!F11 -> -88 | H11: =Raw_Data!G11 -> yes | I11: =Raw_Data!H11 -> yes | J11: =IF(F11="yes",1,0) -> 0 | K11: =IF(H11="yes",1,0) -> 1 | L11: =IF(I11="yes",1,0) -> 1 | M11: =IF(G11<0,1,0) -> 1 | N11: =_xlfn.IFS(B11<30,"Under 30",B11<40,"30-39",B11<50,"40-49",B11<60,"50-59",TRUE(),"60+") -> 40-49 | O11: =_xlfn.IFS(G11<0,"1 Negative",G11=0,"2 Zero",G11<=500,"3 1-500",G11<=2000,"4 501-2000",TRUE(),"5 Above 2000") -> 1 Negative | P11: =Lookups!$B$2*M11+Lookups!$B$3*L11 -> 3 | Q11: =INDEX(Lookups!$E$2:$E$5,MATCH(P11,Lookups!$D$2:$D$5,0)) -> High
A12: 11 | B12: =Raw_Data!A12 -> 39 | C12: =SUBSTITUTE(Raw_Data!B12,".","") -> services | D12: =Raw_Data!C12 -> married | E12: =Raw_Data!D12 -> secondary | F12: =Raw_Data!E12 -> no | G12: =Raw_Data!F12 -> 9374 | H12: =Raw_Data!G12 -> yes | I12: =Raw_Data!H12 -> no | J12: =IF(F12="yes",1,0) -> 0 | K12: =IF(H12="yes",1,0) -> 1 | L12: =IF(I12="yes",1,0) -> 0 | M12: =IF(G12<0,1,0) -> 0 | N12: =_xlfn.IFS(B12<30,"Under 30",B12<40,"30-39",B12<50,"40-49",B12<60,"50-59",TRUE(),"60+") -> 30-39 | O12: =_xlfn.IFS(G12<0,"1 Negative",G12=0,"2 Zero",G12<=500,"3 1-500",G12<=2000,"4 501-2000",TRUE(),"5 Above 2000") -> 5 Above 2000 | P12: =Lookups!$B$2*M12+Lookups!$B$3*L12 -> 0 | Q12: =INDEX(Lookups!$E$2:$E$5,MATCH(P12,Lookups!$D$2:$D$5,0)) -> Low
A13: 12 | B13: =Raw_Data!A13 -> 43 | C13: =SUBSTITUTE(Raw_Data!B13,".","") -> admin | D13: =Raw_Data!C13 -> married | E13: =Raw_Data!D13 -> secondary | F13: =Raw_Data!E13 -> no | G13: =Raw_Data!F13 -> 264 | H13: =Raw_Data!G13 -> yes | I13: =Raw_Data!H13 -> no | J13: =IF(F13="yes",1,0) -> 0 | K13: =IF(H13="yes",1,0) -> 1 | L13: =IF(I13="yes",1,0) -> 0 | M13: =IF(G13<0,1,0) -> 0 | N13: =_xlfn.IFS(B13<30,"Under 30",B13<40,"30-39",B13<50,"40-49",B13<60,"50-59",TRUE(),"60+") -> 40-49 | O13: =_xlfn.IFS(G13<0,"1 Negative",G13=0,"2 Zero",G13<=500,"3 1-500",G13<=2000,"4 501-2000",TRUE(),"5 Above 2000") -> 3 1-500 | P13: =Lookups!$B$2*M13+Lookups!$B$3*L13 -> 0 | Q13: =INDEX(Lookups!$E$2:$E$5,MATCH(P13,Lookups!$D$2:$D$5,0)) -> Low
... A4522: 4521 | B4522: =Raw_Data!A4522 -> 44 | C4522: =SUBSTITUTE(Raw_Data!B4522,".","") -> entrepreneur | D4522: =Raw_Data!C4522 -> single | E4522: =Raw_Data!D4522 -> tertiary | F4522: =Raw_Data!E4522 -> no | G4522: =Raw_Data!F4522 -> 1136 | H4522: =Raw_Data!G4522 -> yes | I4522: =Raw_Data!H4522 -> yes | J4522: =IF(F4522="yes",1,0) -> 0 | K4522: =IF(H4522="yes",1,0) -> 1 | L4522: =IF(I4522="yes",1,0) -> 1 | M4522: =IF(G4522<0,1,0) -> 0 | N4522: =_xlfn.IFS(B4522<30,"Under 30",B4522<40,"30-39",B4522<50,"40-49",B4522<60,"50-59",TRUE(),"60+") -> 40-49 | O4522: =_xlfn.IFS(G4522<0,"1 Negative",G4522=0,"2 Zero",G4522<=500,"3 1-500",G4522<=2000,"4 501-2000",TRUE(),"5 Above 2000") -> 4 501-2000 | P4522: =Lookups!$B$2*M4522+Lookups!$B$3*L4522 -> 1 | Q4522: =INDEX(Lookups!$E$2:$E$5,MATCH(P4522,Lookups!$D$2:$D$5,0)) -> Medium

Sheet Data_Dictionary
A1: Column | B1: Description | C1: Data type | D1: Business meaning | E1: Analytical relevance | F1: Missing values | G1: Potential quality issues
A2: age | B2: Customer age in years | C2: Integer | D2: Life stage proxy | E2: Descriptive only. Excluded from scoring (fairness) | F2: none | G2: Range 19 to 87. 38 IQR outliers, plausible values
A3: job | B3: Occupation category | C3: Text (12 levels) | D3: Employment type proxy | E3: Segment analysis. Employment status is not recorded directly | F3: none | G3: 38 'unknown'. Label 'admin.' cleaned to 'admin'
A4: marital | B4: Marital status | C4: Text (3 levels) | D4: Household context | E4: Descriptive only. Excluded from scoring (fairness) | F4: none | G4: None found
A5: education | B5: Education level | C5: Text (4 levels) | D5: Human capital proxy | E5: Descriptive only | F5: none | G5: 187 'unknown' kept as own category
A6: default | B6: Has credit in default (yes/no) | C6: Text yes/no | D6: Customer level default indicator. Contract definition not given | E6: TARGET for risk analysis | F6: none | G6: Only 76 yes. Definition and observation window unknown
A7: balance | B7: Average yearly balance in the account | C7: Integer | D7: Deposit account position, not loan exposure | E7: Strongest signal. May be a consequence of default, not a cause | F7: none | G7: Currency unit not stated. 366 negative. Max 71188, heavy right tail
A8: housing | B8: Has housing loan (yes/no) | C8: Text yes/no | D8: Mortgage product holder | E8: Exposure proxy (holder count only) | F8: none | G8: No amount, tenor or rate
A9: loan | B9: Has personal loan (yes/no) | C9: Text yes/no | D9: Unsecured credit holder | E9: Risk indicator and exposure proxy | F9: none | G9: No amount, tenor or rate
A10: contact | B10: Contact channel of last campaign call | C10: Text | D10: Marketing operations | E10: Excluded: not a credit variable | F10: none | G10: 1324 'unknown'
A11: day | B11: Day of month of last contact | C11: Integer | D11: Marketing operations | E11: Excluded | F11: none | G11: Not a default date
A12: month | B12: Month of last contact | C12: Text | D12: Marketing operations | E12: Excluded. Cannot support a default trend | F12: none | G12: Not a default date
... A22: risk_points / risk_tier | B22: Illustrative score and Low/Medium/High tier | C22: Derived | D22: Transparent rule based tiering | E22: Monitoring segmentation | F22: 0 | G22: Not validated on independent data

Sheet Lookups
A1: Indicator (illustrative, not validated) | B1: Points | D1: Points | E1: Tier
A2: Negative balance | B2: 2 | D2: 0 | E2: Low
A3: Personal loan | B3: 1 | D3: 1 | E3: Medium
D4: 2 | E4: High
D5: 3 | E5: High
A8: z value for 95% confidence interval | B8: 1.96
A10: Blue on yellow cells are inputs. Change points or tiers and every sheet recalculates. Thresholds are illustrative rules chosen from risk logic, not statistically optimised cutoffs.

Sheet Risk_Analysis
A1: Default rate by segment. Denominator: all customers in the segment. Defaults = default_flag = 1.
A2: Formula pattern: customers = COUNTIFS(segment column, segment). defaults = SUMIFS(default_flag, segment column, segment).
A4: Dimension | B4: Segment | C4: Customers | D4: Defaults | E4: Default rate | F4: 95% CI low | G4: 95% CI high | H4: Share of customers | I4: Share of defaults | J4: Lift vs portfolio | K4: Flag
A5: balance_band | B5: 1 Negative | C5: =COUNTIFS(Cleaned_Data!$O$2:$O$4522,B5) -> 366 | D5: =SUMIFS(Cleaned_Data!$J$2:$J$4522,Cleaned_Data!$O$2:$O$4522,B5) -> 43 | E5: =IF(C5=0,0,D5/C5) -> 0.11748634 | F5: =IF(C5=0,0,(E5+Lookups!$B$8^2/(2*C5)-Lookups!$B$8*SQRT(E5*(1-E5)/C5+Lookups!$B$8^2/(4*C5^2)))/(1+Lookups!$B$8^2/C5)) -> 0.088402638 | G5: =IF(C5=0,0,(E5+Lookups!$B$8^2/(2*C5)+Lookups!$B$8*SQRT(E5*(1-E5)/C5+Lookups!$B$8^2/(4*C5^2)))/(1+Lookups!$B$8^2/C5)) -> 0.15451649 | H5: =C5/Summary!$B$4 -> 0.080955541 | I5: =D5/Summary!$B$5 -> 0.56578947 | J5: =E5/Summary!$B$6 -> 6.9888913 | K5: =IF(C5<100,"Small sample",IF(J5>=2,"High",IF(J5<0.5,"Low","Near portfolio"))) -> High
A6: balance_band | B6: 2 Zero | C6: =COUNTIFS(Cleaned_Data!$O$2:$O$4522,B6) -> 357 | D6: =SUMIFS(Cleaned_Data!$J$2:$J$4522,Cleaned_Data!$O$2:$O$4522,B6) -> 7 | E6: =IF(C6=0,0,D6/C6) -> 0.019607843 | F6: =IF(C6=0,0,(E6+Lookups!$B$8^2/(2*C6)-Lookups!$B$8*SQRT(E6*(1-E6)/C6+Lookups!$B$8^2/(4*C6^2)))/(1+Lookups!$B$8^2/C6)) -> 0.0095296728 | G6: =IF(C6=0,0,(E6+Lookups!$B$8^2/(2*C6)+Lookups!$B$8*SQRT(E6*(1-E6)/C6+Lookups!$B$8^2/(4*C6^2)))/(1+Lookups!$B$8^2/C6)) -> 0.039914737 | H6: =C6/Summary!$B$4 -> 0.078964831 | I6: =D6/Summary!$B$5 -> 0.092105263 | J6: =E6/Summary!$B$6 -> 1.1664087 | K6: =IF(C6<100,"Small sample",IF(J6>=2,"High",IF(J6<0.5,"Low","Near portfolio"))) -> Near portfolio
A7: balance_band | B7: 3 1-500 | C7: =COUNTIFS(Cleaned_Data!$O$2:$O$4522,B7) -> 1664 | D7: =SUMIFS(Cleaned_Data!$J$2:$J$4522,Cleaned_Data!$O$2:$O$4522,B7) -> 24 | E7: =IF(C7=0,0,D7/C7) -> 0.014423077 | F7: =IF(C7=0,0,(E7+Lookups!$B$8^2/(2*C7)-Lookups!$B$8*SQRT(E7*(1-E7)/C7+Lookups!$B$8^2/(4*C7^2)))/(1+Lookups!$B$8^2/C7)) -> 0.009711175 | G7: =IF(C7=0,0,(E7+Lookups!$B$8^2/(2*C7)+Lookups!$B$8*SQRT(E7*(1-E7)/C7+Lookups!$B$8^2/(4*C7^2)))/(1+Lookups!$B$8^2/C7)) -> 0.021371873 | H7: =C7/Summary!$B$4 -> 0.36806016 | I7: =D7/Summary!$B$5 -> 0.31578947 | J7: =E7/Summary!$B$6 -> 0.8579833 | K7: =IF(C7<100,"Small sample",IF(J7>=2,"High",IF(J7<0.5,"Low","Near portfolio"))) -> Near portfolio
A8: balance_band | B8: 4 501-2000 | C8: =COUNTIFS(Cleaned_Data!$O$2:$O$4522,B8) -> 1247 | D8: =SUMIFS(Cleaned_Data!$J$2:$J$4522,Cleaned_Data!$O$2:$O$4522,B8) -> 2 | E8: =IF(C8=0,0,D8/C8) -> 0.0016038492 | F8: =IF(C8=0,0,(E8+Lookups!$B$8^2/(2*C8)-Lookups!$B$8*SQRT(E8*(1-E8)/C8+Lookups!$B$8^2/(4*C8^2)))/(1+Lookups!$B$8^2/C8)) -> 0.00043993434 | G8: =IF(C8=0,0,(E8+Lookups!$B$8^2/(2*C8)+Lookups!$B$8*SQRT(E8*(1-E8)/C8+Lookups!$B$8^2/(4*C8^2)))/(1+Lookups!$B$8^2/C8)) -> 0.0058291248 | H8: =C8/Summary!$B$4 -> 0.27582393 | I8: =D8/Summary!$B$5 -> 0.026315789 | J8: =E8/Summary!$B$6 -> 0.095407926 | K8: =IF(C8<100,"Small sample",IF(J8>=2,"High",IF(J8<0.5,"Low","Near portfolio"))) -> Low
A9: balance_band | B9: 5 Above 2000 | C9: =COUNTIFS(Cleaned_Data!$O$2:$O$4522,B9) -> 887 | D9: =SUMIFS(Cleaned_Data!$J$2:$J$4522,Cleaned_Data!$O$2:$O$4522,B9) -> 0 | E9: =IF(C9=0,0,D9/C9) -> 0 | F9: =IF(C9=0,0,(E9+Lookups!$B$8^2/(2*C9)-Lookups!$B$8*SQRT(E9*(1-E9)/C9+Lookups!$B$8^2/(4*C9^2)))/(1+Lookups!$B$8^2/C9)) -> 0 | G9: =IF(C9=0,0,(E9+Lookups!$B$8^2/(2*C9)+Lookups!$B$8*SQRT(E9*(1-E9)/C9+Lookups!$B$8^2/(4*C9^2)))/(1+Lookups!$B$8^2/C9)) -> 0.0043123267 | H9: =C9/Summary!$B$4 -> 0.19619553 | I9: =D9/Summary!$B$5 -> 0 | J9: =E9/Summary!$B$6 -> 0 | K9: =IF(C9<100,"Small sample",IF(J9>=2,"High",IF(J9<0.5,"Low","Near portfolio"))) -> Low
A11: personal_loan | B11: yes | C11: =COUNTIFS(Cleaned_Data!$I$2:$I$4522,B11) -> 691 | D11: =SUMIFS(Cleaned_Data!$J$2:$J$4522,Cleaned_Data!$I$2:$I$4522,B11) -> 25 | E11: =IF(C11=0,0,D11/C11) -> 0.03617945 | F11: =IF(C11=0,0,(E11+Lookups!$B$8^2/(2*C11)-Lookups!$B$8*SQRT(E11*(1-E11)/C11+Lookups!$B$8^2/(4*C11^2)))/(1+Lookups!$B$8^2/C11)) -> 0.024624097 | G11: =IF(C11=0,0,(E11+Lookups!$B$8^2/(2*C11)+Lookups!$B$8*SQRT(E11*(1-E11)/C11+Lookups!$B$8^2/(4*C11^2)))/(1+Lookups!$B$8^2/C11)) -> 0.052863491 | H11: =C11/Summary!$B$4 -> 0.15284229 | I11: =D11/Summary!$B$5 -> 0.32894737 | J11: =E11/Summary!$B$6 -> 2.1522012 | K11: =IF(C11<100,"Small sample",IF(J11>=2,"High",IF(J11<0.5,"Low","Near portfolio"))) -> High
A12: personal_loan | B12: no | C12: =COUNTIFS(Cleaned_Data!$I$2:$I$4522,B12) -> 3830 | D12: =SUMIFS(Cleaned_Data!$J$2:$J$4522,Cleaned_Data!$I$2:$I$4522,B12) -> 51 | E12: =IF(C12=0,0,D12/C12) -> 0.013315927 | F12: =IF(C12=0,0,(E12+Lookups!$B$8^2/(2*C12)-Lookups!$B$8*SQRT(E12*(1-E12)/C12+Lookups!$B$8^2/(4*C12^2)))/(1+Lookups!$B$8^2/C12)) -> 0.010142582 | G12: =IF(C12=0,0,(E12+Lookups!$B$8^2/(2*C12)+Lookups!$B$8*SQRT(E12*(1-E12)/C12+Lookups!$B$8^2/(4*C12^2)))/(1+Lookups!$B$8^2/C12)) -> 0.01746461 | H12: =C12/Summary!$B$4 -> 0.84715771 | I12: =D12/Summary!$B$5 -> 0.67105263 | J12: =E12/Summary!$B$6 -> 0.79212244 | K12: =IF(C12<100,"Small sample",IF(J12>=2,"High",IF(J12<0.5,"Low","Near portfolio"))) -> Near portfolio
A14: housing_loan | B14: yes | C14: =COUNTIFS(Cleaned_Data!$H$2:$H$4522,B14) -> 2559 | D14: =SUMIFS(Cleaned_Data!$J$2:$J$4522,Cleaned_Data!$H$2:$H$4522,B14) -> 45 | E14: =IF(C14=0,0,D14/C14) -> 0.017584994 | F14: =IF(C14=0,0,(E14+Lookups!$B$8^2/(2*C14)-Lookups!$B$8*SQRT(E14*(1-E14)/C14+Lookups!$B$8^2/(4*C14^2)))/(1+Lookups!$B$8^2/C14)) -> 0.013168213 | G14: =IF(C14=0,0,(E14+Lookups!$B$8^2/(2*C14)+Lookups!$B$8*SQRT(E14*(1-E14)/C14+Lookups!$B$8^2/(4*C14^2)))/(1+Lookups!$B$8^2/C14)) -> 0.023448018 | H14: =C14/Summary!$B$4 -> 0.56602522 | I14: =D14/Summary!$B$5 -> 0.59210526 | J14: =E14/Summary!$B$6 -> 1.0460758 | K14: =IF(C14<100,"Small sample",IF(J14>=2,"High",IF(J14<0.5,"Low","Near portfolio"))) -> Near portfolio
A15: housing_loan | B15: no | C15: =COUNTIFS(Cleaned_Data!$H$2:$H$4522,B15) -> 1962 | D15: =SUMIFS(Cleaned_Data!$J$2:$J$4522,Cleaned_Data!$H$2:$H$4522,B15) -> 31 | E15: =IF(C15=0,0,D15/C15) -> 0.015800204 | F15: =IF(C15=0,0,(E15+Lookups!$B$8^2/(2*C15)-Lookups!$B$8*SQRT(E15*(1-E15)/C15+Lookups!$B$8^2/(4*C15^2)))/(1+Lookups!$B$8^2/C15)) -> 0.01115322 | G15: =IF(C15=0,0,(E15+Lookups!$B$8^2/(2*C15)+Lookups!$B$8*SQRT(E15*(1-E15)/C15+Lookups!$B$8^2/(4*C15^2)))/(1+Lookups!$B$8^2/C15)) -> 0.022339611 | H15: =C15/Summary!$B$4 -> 0.43397478 | I15: =D15/Summary!$B$5 -> 0.40789474 | J15: =E15/Summary!$B$6 -> 0.93990423 | K15: =IF(C15<100,"Small sample",IF(J15>=2,"High",IF(J15<0.5,"Low","Near portfolio"))) -> Near portfolio
A17: age_band | B17: Under 30 | C17: =COUNTIFS(Cleaned_Data!$N$2:$N$4522,B17) -> 482 | D17: =SUMIFS(Cleaned_Data!$J$2:$J$4522,Cleaned_Data!$N$2:$N$4522,B17) -> 11 | E17: =IF(C17=0,0,D17/C17) -> 0.022821577 | F17: =IF(C17=0,0,(E17+Lookups!$B$8^2/(2*C17)-Lookups!$B$8*SQRT(E17*(1-E17)/C17+Lookups!$B$8^2/(4*C17^2)))/(1+Lookups!$B$8^2/C17)) -> 0.012789943 | G17: =IF(C17=0,0,(E17+Lookups!$B$8^2/(2*C17)+Lookups!$B$8*SQRT(E17*(1-E17)/C17+Lookups!$B$8^2/(4*C17^2)))/(1+Lookups!$B$8^2/C17)) -> 0.040399409 | H17: =C17/Summary!$B$4 -> 0.10661358 | I17: =D17/Summary!$B$5 -> 0.14473684 | J17: =E17/Summary!$B$6 -> 1.3575835 | K17: =IF(C17<100,"Small sample",IF(J17>=2,"High",IF(J17<0.5,"Low","Near portfolio"))) -> Near portfolio
A18: age_band | B18: 30-39 | C18: =COUNTIFS(Cleaned_Data!$N$2:$N$4522,B18) -> 1808 | D18: =SUMIFS(Cleaned_Data!$J$2:$J$4522,Cleaned_Data!$N$2:$N$4522,B18) -> 28 | E18: =IF(C18=0,0,D18/C18) -> 0.015486726 | F18: =IF(C18=0,0,(E18+Lookups!$B$8^2/(2*C18)-Lookups!$B$8*SQRT(E18*(1-E18)/C18+Lookups!$B$8^2/(4*C18^2)))/(1+Lookups!$B$8^2/C18)) -> 0.010736231 | G18: =IF(C18=0,0,(E18+Lookups!$B$8^2/(2*C18)+Lookups!$B$8*SQRT(E18*(1-E18)/C18+Lookups!$B$8^2/(4*C18^2)))/(1+Lookups!$B$8^2/C18)) -> 0.022291822 | H18: =C18/Summary!$B$4 -> 0.39991152 | I18: =D18/Summary!$B$5 -> 0.36842105 | J18: =E18/Summary!$B$6 -> 0.9212564 | K18: =IF(C18<100,"Small sample",IF(J18>=2,"High",IF(J18<0.5,"Low","Near portfolio"))) -> Near portfolio
A19: age_band | B19: 40-49 | C19: =COUNTIFS(Cleaned_Data!$N$2:$N$4522,B19) -> 1203 | D19: =SUMIFS(Cleaned_Data!$J$2:$J$4522,Cleaned_Data!$N$2:$N$4522,B19) -> 23 | E19: =IF(C19=0,0,D19/C19) -> 0.019118869 | F19: =IF(C19=0,0,(E19+Lookups!$B$8^2/(2*C19)-Lookups!$B$8*SQRT(E19*(1-E19)/C19+Lookups!$B$8^2/(4*C19^2)))/(1+Lookups!$B$8^2/C19)) -> 0.012773151 | G19: =IF(C19=0,0,(E19+Lookups!$B$8^2/(2*C19)+Lookups!$B$8*SQRT(E19*(1-E19)/C19+Lookups!$B$8^2/(4*C19^2)))/(1+Lookups!$B$8^2/C19)) -> 0.028526055 | H19: =C19/Summary!$B$4 -> 0.26609157 | I19: =D19/Summary!$B$5 -> 0.30263158 | J19: =E19/Summary!$B$6 -> 1.1373212 | K19: =IF(C19<100,"Small sample",IF(J19>=2,"High",IF(J19<0.5,"Low","Near portfolio"))) -> Near portfolio
A20: age_band | B20: 50-59 | C20: =COUNTIFS(Cleaned_Data!$N$2:$N$4522,B20) -> 854 | D20: =SUMIFS(Cleaned_Data!$J$2:$J$4522,Cleaned_Data!$N$2:$N$4522,B20) -> 14 | E20: =IF(C20=0,0,D20/C20) -> 0.016393443 | F20: =IF(C20=0,0,(E20+Lookups!$B$8^2/(2*C20)-Lookups!$B$8*SQRT(E20*(1-E20)/C20+Lookups!$B$8^2/(4*C20^2)))/(1+Lookups!$B$8^2/C20)) -> 0.0097898663 | G20: =IF(C20=0,0,(E20+Lookups!$B$8^2/(2*C20)+Lookups!$B$8*SQRT(E20*(1-E20)/C20+Lookups!$B$8^2/(4*C20^2)))/(1+Lookups!$B$8^2/C20)) -> 0.027328408 | H20: =C20/Summary!$B$4 -> 0.18889626 | I20: =D20/Summary!$B$5 -> 0.18421053 | J20: =E20/Summary!$B$6 -> 0.97519413 | K20: =IF(C20<100,"Small sample",IF(J20>=2,"High",IF(J20<0.5,"Low","Near portfolio"))) -> Near portfolio
A21: age_band | B21: 60+ | C21: =COUNTIFS(Cleaned_Data!$N$2:$N$4522,B21) -> 174 | D21: =SUMIFS(Cleaned_Data!$J$2:$J$4522,Cleaned_Data!$N$2:$N$4522,B21) -> 0 | E21: =IF(C21=0,0,D21/C21) -> 0 | F21: =IF(C21=0,0,(E21+Lookups!$B$8^2/(2*C21)-Lookups!$B$8*SQRT(E21*(1-E21)/C21+Lookups!$B$8^2/(4*C21^2)))/(1+Lookups!$B$8^2/C21)) -> 0 | G21: =IF(C21=0,0,(E21+Lookups!$B$8^2/(2*C21)+Lookups!$B$8*SQRT(E21*(1-E21)/C21+Lookups!$B$8^2/(4*C21^2)))/(1+Lookups!$B$8^2/C21)) -> 0.021601245 | H21: =C21/Summary!$B$4 -> 0.03848706 | I21: =D21/Summary!$B$5 -> 0 | J21: =E21/Summary!$B$6 -> 0 | K21: =IF(C21<100,"Small sample",IF(J21>=2,"High",IF(J21<0.5,"Low","Near portfolio"))) -> Low
A23: job | B23: admin | C23: =COUNTIFS(Cleaned_Data!$C$2:$C$4522,B23) -> 478 | D23: =SUMIFS(Cleaned_Data!$J$2:$J$4522,Cleaned_Data!$C$2:$C$4522,B23) -> 6 | E23: =IF(C23=0,0,D23/C23) -> 0.012552301 | F23: =IF(C23=0,0,(E23+Lookups!$B$8^2/(2*C23)-Lookups!$B$8*SQRT(E23*(1-E23)/C23+Lookups!$B$8^2/(4*C23^2)))/(1+Lookups!$B$8^2/C23)) -> 0.0057651067 | G23: =IF(C23=0,0,(E23+Lookups!$B$8^2/(2*C23)+Lookups!$B$8*SQRT(E23*(1-E23)/C23+Lookups!$B$8^2/(4*C23^2)))/(1+Lookups!$B$8^2/C23)) -> 0.027112088 | H23: =C23/Summary!$B$4 -> 0.10572882 | I23: =D23/Summary!$B$5 -> 0.078947368 | J23: =E23/Summary!$B$6 -> 0.74669676 | K23: =IF(C23<100,"Small sample",IF(J23>=2,"High",IF(J23<0.5,"Low","Near portfolio"))) -> Near portfolio
A24: job | B24: blue-collar | C24: =COUNTIFS(Cleaned_Data!$C$2:$C$4522,B24) -> 946 | D24: =SUMIFS(Cleaned_Data!$J$2:$J$4522,Cleaned_Data!$C$2:$C$4522,B24) -> 14 | E24: =IF(C24=0,0,D24/C24) -> 0.014799154 | F24: =IF(C24=0,0,(E24+Lookups!$B$8^2/(2*C24)-Lookups!$B$8*SQRT(E24*(1-E24)/C24+Lookups!$B$8^2/(4*C24^2)))/(1+Lookups!$B$8^2/C24)) -> 0.0088356392 | G24: =IF(C24=0,0,(E24+Lookups!$B$8^2/(2*C24)+Lookups!$B$8*SQRT(E24*(1-E24)/C24+Lookups!$B$8^2/(4*C24^2)))/(1+Lookups!$B$8^2/C24)) -> 0.024687424 | H24: =C24/Summary!$B$4 -> 0.20924574 | I24: =D24/Summary!$B$5 -> 0.18421053 | J24: =E24/Summary!$B$6 -> 0.88035496 | K24: =IF(C24<100,"Small sample",IF(J24>=2,"High",IF(J24<0.5,"Low","Near portfolio"))) -> Near portfolio
A25: job | B25: entrepreneur | C25: =COUNTIFS(Cleaned_Data!$C$2:$C$4522,B25) -> 168 | D25: =SUMIFS(Cleaned_Data!$J$2:$J$4522,Cleaned_Data!$C$2:$C$4522,B25) -> 7 | E25: =IF(C25=0,0,D25/C25) -> 0.041666667 | F25: =IF(C25=0,0,(E25+Lookups!$B$8^2/(2*C25)-Lookups!$B$8*SQRT(E25*(1-E25)/C25+Lookups!$B$8^2/(4*C25^2)))/(1+Lookups!$B$8^2/C25)) -> 0.020327292 | G25: =IF(C25=0,0,(E25+Lookups!$B$8^2/(2*C25)+Lookups!$B$8*SQRT(E25*(1-E25)/C25+Lookups!$B$8^2/(4*C25^2)))/(1+Lookups!$B$8^2/C25)) -> 0.083498557 | H25: =C25/Summary!$B$4 -> 0.03715992 | I25: =D25/Summary!$B$5 -> 0.092105263 | J25: =E25/Summary!$B$6 -> 2.4786184 | K25: =IF(C25<100,"Small sample",IF(J25>=2,"High",IF(J25<0.5,"Low","Near portfolio"))) -> High
A26: job | B26: housemaid | C26: =COUNTIFS(Cleaned_Data!$C$2:$C$4522,B26) -> 112 | D26: =SUMIFS(Cleaned_Data!$J$2:$J$4522,Cleaned_Data!$C$2:$C$4522,B26) -> 2 | E26: =IF(C26=0,0,D26/C26) -> 0.017857143 | F26: =IF(C26=0,0,(E26+Lookups!$B$8^2/(2*C26)-Lookups!$B$8*SQRT(E26*(1-E26)/C26+Lookups!$B$8^2/(4*C26^2)))/(1+Lookups!$B$8^2/C26)) -> 0.0049107086 | G26: =IF(C26=0,0,(E26+Lookups!$B$8^2/(2*C26)+Lookups!$B$8*SQRT(E26*(1-E26)/C26+Lookups!$B$8^2/(4*C26^2)))/(1+Lookups!$B$8^2/C26)) -> 0.062781727 | H26: =C26/Summary!$B$4 -> 0.02477328 | I26: =D26/Summary!$B$5 -> 0.026315789 | J26: =E26/Summary!$B$6 -> 1.062265 | K26: =IF(C26<100,"Small sample",IF(J26>=2,"High",IF(J26<0.5,"Low","Near portfolio"))) -> Near portfolio
A27: job | B27: management | C27: =COUNTIFS(Cleaned_Data!$C$2:$C$4522,B27) -> 969 | D27: =SUMIFS(Cleaned_Data!$J$2:$J$4522,Cleaned_Data!$C$2:$C$4522,B27) -> 14 | E27: =IF(C27=0,0,D27/C27) -> 0.014447884 | F27: =IF(C27=0,0,(E27+Lookups!$B$8^2/(2*C27)-Lookups!$B$8*SQRT(E27*(1-E27)/C27+Lookups!$B$8^2/(4*C27^2)))/(1+Lookups!$B$8^2/C27)) -> 0.0086254566 | G27: =IF(C27=0,0,(E27+Lookups!$B$8^2/(2*C27)+Lookups!$B$8*SQRT(E27*(1-E27)/C27+Lookups!$B$8^2/(4*C27^2)))/(1+Lookups!$B$8^2/C27)) -> 0.024105052 | H27: =C27/Summary!$B$4 -> 0.21433311 | I27: =D27/Summary!$B$5 -> 0.18421053 | J27: =E27/Summary!$B$6 -> 0.85945902 | K27: =IF(C27<100,"Small sample",IF(J27>=2,"High",IF(J27<0.5,"Low","Near portfolio"))) -> Near portfolio
A28: job | B28: retired | C28: =COUNTIFS(Cleaned_Data!$C$2:$C$4522,B28) -> 230 | D28: =SUMIFS(Cleaned_Data!$J$2:$J$4522,Cleaned_Data!$C$2:$C$4522,B28) -> 3 | E28: =IF(C28=0,0,D28/C28) -> 0.013043478 | F28: =IF(C28=0,0,(E28+Lookups!$B$8^2/(2*C28)-Lookups!$B$8*SQRT(E28*(1-E28)/C28+Lookups!$B$8^2/(4*C28^2)))/(1+Lookups!$B$8^2/C28)) -> 0.0044456146 | G28: =IF(C28=0,0,(E28+Lookups!$B$8^2/(2*C28)+Lookups!$B$8*SQRT(E28*(1-E28)/C28+Lookups!$B$8^2/(4*C28^2)))/(1+Lookups!$B$8^2/C28)) -> 0.037640994 | H28: =C28/Summary!$B$4 -> 0.050873701 | I28: =D28/Summary!$B$5 -> 0.039473684 | J28: =E28/Summary!$B$6 -> 0.77591533 | K28: =IF(C28<100,"Small sample",IF(J28>=2,"High",IF(J28<0.5,"Low","Near portfolio"))) -> Near portfolio
A29: job | B29: self-employed | C29: =COUNTIFS(Cleaned_Data!$C$2:$C$4522,B29) -> 183 | D29: =SUMIFS(Cleaned_Data!$J$2:$J$4522,Cleaned_Data!$C$2:$C$4522,B29) -> 4 | E29: =IF(C29=0,0,D29/C29) -> 0.021857923 | F29: =IF(C29=0,0,(E29+Lookups!$B$8^2/(2*C29)-Lookups!$B$8*SQRT(E29*(1-E29)/C29+Lookups!$B$8^2/(4*C29^2)))/(1+Lookups!$B$8^2/C29)) -> 0.0085320348 | G29: =IF(C29=0,0,(E29+Lookups!$B$8^2/(2*C29)+Lookups!$B$8*SQRT(E29*(1-E29)/C29+Lookups!$B$8^2/(4*C29^2)))/(1+Lookups!$B$8^2/C29)) -> 0.054845714 | H29: =C29/Summary!$B$4 -> 0.04047777 | I29: =D29/Summary!$B$5 -> 0.052631579 | J29: =E29/Summary!$B$6 -> 1.3002588 | K29: =IF(C29<100,"Small sample",IF(J29>=2,"High",IF(J29<0.5,"Low","Near portfolio"))) -> Near portfolio
A30: job | B30: services | C30: =COUNTIFS(Cleaned_Data!$C$2:$C$4522,B30) -> 417 | D30: =SUMIFS(Cleaned_Data!$J$2:$J$4522,Cleaned_Data!$C$2:$C$4522,B30) -> 7 | E30: =IF(C30=0,0,D30/C30) -> 0.016786571 | F30: =IF(C30=0,0,(E30+Lookups!$B$8^2/(2*C30)-Lookups!$B$8*SQRT(E30*(1-E30)/C30+Lookups!$B$8^2/(4*C30^2)))/(1+Lookups!$B$8^2/C30)) -> 0.0081545817 | G30: =IF(C30=0,0,(E30+Lookups!$B$8^2/(2*C30)+Lookups!$B$8*SQRT(E30*(1-E30)/C30+Lookups!$B$8^2/(4*C30^2)))/(1+Lookups!$B$8^2/C30)) -> 0.034240467 | H30: =C30/Summary!$B$4 -> 0.092236231 | I30: =D30/Summary!$B$5 -> 0.092105263 | J30: =E30/Summary!$B$6 -> 0.99858008 | K30: =IF(C30<100,"Small sample",IF(J30>=2,"High",IF(J30<0.5,"Low","Near portfolio"))) -> Near portfolio
A31: job | B31: student | C31: =COUNTIFS(Cleaned_Data!$C$2:$C$4522,B31) -> 84 | D31: =SUMIFS(Cleaned_Data!$J$2:$J$4522,Cleaned_Data!$C$2:$C$4522,B31) -> 1 | E31: =IF(C31=0,0,D31/C31) -> 0.011904762 | F31: =IF(C31=0,0,(E31+Lookups!$B$8^2/(2*C31)-Lookups!$B$8*SQRT(E31*(1-E31)/C31+Lookups!$B$8^2/(4*C31^2)))/(1+Lookups!$B$8^2/C31)) -> 0.0021045289 | G31: =IF(C31=0,0,(E31+Lookups!$B$8^2/(2*C31)+Lookups!$B$8*SQRT(E31*(1-E31)/C31+Lookups!$B$8^2/(4*C31^2)))/(1+Lookups!$B$8^2/C31)) -> 0.064396992 | H31: =C31/Summary!$B$4 -> 0.01857996 | I31: =D31/Summary!$B$5 -> 0.013157895 | J31: =E31/Summary!$B$6 -> 0.70817669 | K31: =IF(C31<100,"Small sample",IF(J31>=2,"High",IF(J31<0.5,"Low","Near portfolio"))) -> Small sample
A32: job | B32: technician | C32: =COUNTIFS(Cleaned_Data!$C$2:$C$4522,B32) -> 768 | D32: =SUMIFS(Cleaned_Data!$J$2:$J$4522,Cleaned_Data!$C$2:$C$4522,B32) -> 15 | E32: =IF(C32=0,0,D32/C32) -> 0.01953125 | F32: =IF(C32=0,0,(E32+Lookups!$B$8^2/(2*C32)-Lookups!$B$8*SQRT(E32*(1-E32)/C32+Lookups!$B$8^2/(4*C32^2)))/(1+Lookups!$B$8^2/C32)) -> 0.011871227 | G32: =IF(C32=0,0,(E32+Lookups!$B$8^2/(2*C32)+Lookups!$B$8*SQRT(E32*(1-E32)/C32+Lookups!$B$8^2/(4*C32^2)))/(1+Lookups!$B$8^2/C32)) -> 0.031974038 | H32: =C32/Summary!$B$4 -> 0.16987392 | I32: =D32/Summary!$B$5 -> 0.19736842 | J32: =E32/Summary!$B$6 -> 1.1618524 | K32: =IF(C32<100,"Small sample",IF(J32>=2,"High",IF(J32<0.5,"Low","Near portfolio"))) -> Near portfolio
A33: job | B33: unemployed | C33: =COUNTIFS(Cleaned_Data!$C$2:$C$4522,B33) -> 128 | D33: =SUMIFS(Cleaned_Data!$J$2:$J$4522,Cleaned_Data!$C$2:$C$4522,B33) -> 3 | E33: =IF(C33=0,0,D33/C33) -> 0.0234375 | F33: =IF(C33=0,0,(E33+Lookups!$B$8^2/(2*C33)-Lookups!$B$8*SQRT(E33*(1-E33)/C33+Lookups!$B$8^2/(4*C33^2)))/(1+Lookups!$B$8^2/C33)) -> 0.0080022714 | G33: =IF(C33=0,0,(E33+Lookups!$B$8^2/(2*C33)+Lookups!$B$8*SQRT(E33*(1-E33)/C33+Lookups!$B$8^2/(4*C33^2)))/(1+Lookups!$B$8^2/C33)) -> 0.066644881 | H33: =C33/Summary!$B$4 -> 0.02831232 | I33: =D33/Summary!$B$5 -> 0.039473684 | J33: =E33/Summary!$B$6 -> 1.3942229 | K33: =IF(C33<100,"Small sample",IF(J33>=2,"High",IF(J33<0.5,"Low","Near portfolio"))) -> Near portfolio
A34: job | B34: unknown | C34: =COUNTIFS(Cleaned_Data!$C$2:$C$4522,B34) -> 38 | D34: =SUMIFS(Cleaned_Data!$J$2:$J$4522,Cleaned_Data!$C$2:$C$4522,B34) -> 0 | E34: =IF(C34=0,0,D34/C34) -> 0 | F34: =IF(C34=0,0,(E34+Lookups!$B$8^2/(2*C34)-Lookups!$B$8*SQRT(E34*(1-E34)/C34+Lookups!$B$8^2/(4*C34^2)))/(1+Lookups!$B$8^2/C34)) -> 0 | G34: =IF(C34=0,0,(E34+Lookups!$B$8^2/(2*C34)+Lookups!$B$8*SQRT(E34*(1-E34)/C34+Lookups!$B$8^2/(4*C34^2)))/(1+Lookups!$B$8^2/C34)) -> 0.091812933 | H34: =C34/Summary!$B$4 -> 0.0084052201 | I34: =D34/Summary!$B$5 -> 0 | J34: =E34/Summary!$B$6 -> 0 | K34: =IF(C34<100,"Small sample",IF(J34>=2,"High",IF(J34<0.5,"Low","Near portfolio"))) -> Small sample
A36: marital | B36: married | C36: =COUNTIFS(Cleaned_Data!$D$2:$D$4522,B36) -> 2797 | D36: =SUMIFS(Cleaned_Data!$J$2:$J$4522,Cleaned_Data!$D$2:$D$4522,B36) -> 36 | E36: =IF(C36=0,0,D36/C36) -> 0.012870933 | F36: =IF(C36=0,0,(E36+Lookups!$B$8^2/(2*C36)-Lookups!$B$8*SQRT(E36*(1-E36)/C36+Lookups!$B$8^2/(4*C36^2)))/(1+Lookups!$B$8^2/C36)) -> 0.0093114491 | G36: =IF(C36=0,0,(E36+Lookups!$B$8^2/(2*C36)+Lookups!$B$8*SQRT(E36*(1-E36)/C36+Lookups!$B$8^2/(4*C36^2)))/(1+Lookups!$B$8^2/C36)) -> 0.017766698 | H36: =C36/Summary!$B$4 -> 0.61866844 | I36: =D36/Summary!$B$5 -> 0.47368421 | J36: =E36/Summary!$B$6 -> 0.76565117 | K36: =IF(C36<100,"Small sample",IF(J36>=2,"High",IF(J36<0.5,"Low","Near portfolio"))) -> Near portfolio
A37: marital | B37: single | C37: =COUNTIFS(Cleaned_Data!$D$2:$D$4522,B37) -> 1196 | D37: =SUMIFS(Cleaned_Data!$J$2:$J$4522,Cleaned_Data!$D$2:$D$4522,B37) -> 22 | E37: =IF(C37=0,0,D37/C37) -> 0.018394649 | F37: =IF(C37=0,0,(E37+Lookups!$B$8^2/(2*C37)-Lookups!$B$8*SQRT(E37*(1-E37)/C37+Lookups!$B$8^2/(4*C37^2)))/(1+Lookups!$B$8^2/C37)) -> 0.01217844 | G37: =IF(C37=0,0,(E37+Lookups!$B$8^2/(2*C37)+Lookups!$B$8*SQRT(E37*(1-E37)/C37+Lookups!$B$8^2/(4*C37^2)))/(1+Lookups!$B$8^2/C37)) -> 0.027694823 | H37: =C37/Summary!$B$4 -> 0.26454324 | I37: =D37/Summary!$B$5 -> 0.28947368 | J37: =E37/Summary!$B$6 -> 1.0942396 | K37: =IF(C37<100,"Small sample",IF(J37>=2,"High",IF(J37<0.5,"Low","Near portfolio"))) -> Near portfolio
A38: marital | B38: divorced | C38: =COUNTIFS(Cleaned_Data!$D$2:$D$4522,B38) -> 528 | D38: =SUMIFS(Cleaned_Data!$J$2:$J$4522,Cleaned_Data!$D$2:$D$4522,B38) -> 18 | E38: =IF(C38=0,0,D38/C38) -> 0.034090909 | F38: =IF(C38=0,0,(E38+Lookups!$B$8^2/(2*C38)-Lookups!$B$8*SQRT(E38*(1-E38)/C38+Lookups!$B$8^2/(4*C38^2)))/(1+Lookups!$B$8^2/C38)) -> 0.021670941 | G38: =IF(C38=0,0,(E38+Lookups!$B$8^2/(2*C38)+Lookups!$B$8*SQRT(E38*(1-E38)/C38+Lookups!$B$8^2/(4*C38^2)))/(1+Lookups!$B$8^2/C38)) -> 0.053241589 | H38: =C38/Summary!$B$4 -> 0.11678832 | I38: =D38/Summary!$B$5 -> 0.23684211 | J38: =E38/Summary!$B$6 -> 2.0279605 | K38: =IF(C38<100,"Small sample",IF(J38>=2,"High",IF(J38<0.5,"Low","Near portfolio"))) -> High
A40: education | B40: primary | C40: =COUNTIFS(Cleaned_Data!$E$2:$E$4522,B40) -> 678 | D40: =SUMIFS(Cleaned_Data!$J$2:$J$4522,Cleaned_Data!$E$2:$E$4522,B40) -> 10 | E40: =IF(C40=0,0,D40/C40) -> 0.014749263 | F40: =IF(C40=0,0,(E40+Lookups!$B$8^2/(2*C40)-Lookups!$B$8*SQRT(E40*(1-E40)/C40+Lookups!$B$8^2/(4*C40^2)))/(1+Lookups!$B$8^2/C40)) -> 0.0080308019 | G40: =IF(C40=0,0,(E40+Lookups!$B$8^2/(2*C40)+Lookups!$B$8*SQRT(E40*(1-E40)/C40+Lookups!$B$8^2/(4*C40^2)))/(1+Lookups!$B$8^2/C40)) -> 0.026935677 | H40: =C40/Summary!$B$4 -> 0.14996682 | I40: =D40/Summary!$B$5 -> 0.13157895 | J40: =E40/Summary!$B$6 -> 0.87738705 | K40: =IF(C40<100,"Small sample",IF(J40>=2,"High",IF(J40<0.5,"Low","Near portfolio"))) -> Near portfolio
A41: education | B41: secondary | C41: =COUNTIFS(Cleaned_Data!$E$2:$E$4522,B41) -> 2306 | D41: =SUMIFS(Cleaned_Data!$J$2:$J$4522,Cleaned_Data!$E$2:$E$4522,B41) -> 46 | E41: =IF(C41=0,0,D41/C41) -> 0.019947962 | F41: =IF(C41=0,0,(E41+Lookups!$B$8^2/(2*C41)-Lookups!$B$8*SQRT(E41*(1-E41)/C41+Lookups!$B$8^2/(4*C41^2)))/(1+Lookups!$B$8^2/C41)) -> 0.014988582 | G41: =IF(C41=0,0,(E41+Lookups!$B$8^2/(2*C41)+Lookups!$B$8*SQRT(E41*(1-E41)/C41+Lookups!$B$8^2/(4*C41^2)))/(1+Lookups!$B$8^2/C41)) -> 0.026504133 | H41: =C41/Summary!$B$4 -> 0.51006415 | I41: =D41/Summary!$B$5 -> 0.60526316 | J41: =E41/Summary!$B$6 -> 1.1866413 | K41: =IF(C41<100,"Small sample",IF(J41>=2,"High",IF(J41<0.5,"Low","Near portfolio"))) -> Near portfolio
A42: education | B42: tertiary | C42: =COUNTIFS(Cleaned_Data!$E$2:$E$4522,B42) -> 1350 | D42: =SUMIFS(Cleaned_Data!$J$2:$J$4522,Cleaned_Data!$E$2:$E$4522,B42) -> 17 | E42: =IF(C42=0,0,D42/C42) -> 0.012592593 | F42: =IF(C42=0,0,(E42+Lookups!$B$8^2/(2*C42)-Lookups!$B$8*SQRT(E42*(1-E42)/C42+Lookups!$B$8^2/(4*C42^2)))/(1+Lookups!$B$8^2/C42)) -> 0.0078768653 | G42: =IF(C42=0,0,(E42+Lookups!$B$8^2/(2*C42)+Lookups!$B$8*SQRT(E42*(1-E42)/C42+Lookups!$B$8^2/(4*C42^2)))/(1+Lookups!$B$8^2/C42)) -> 0.020074411 | H42: =C42/Summary!$B$4 -> 0.2986065 | I42: =D42/Summary!$B$5 -> 0.22368421 | J42: =E42/Summary!$B$6 -> 0.74909357 | K42: =IF(C42<100,"Small sample",IF(J42>=2,"High",IF(J42<0.5,"Low","Near portfolio"))) -> Near portfolio
A43: education | B43: unknown | C43: =COUNTIFS(Cleaned_Data!$E$2:$E$4522,B43) -> 187 | D43: =SUMIFS(Cleaned_Data!$J$2:$J$4522,Cleaned_Data!$E$2:$E$4522,B43) -> 3 | E43: =IF(C43=0,0,D43/C43) -> 0.016042781 | F43: =IF(C43=0,0,(E43+Lookups!$B$8^2/(2*C43)-Lookups!$B$8*SQRT(E43*(1-E43)/C43+Lookups!$B$8^2/(4*C43^2)))/(1+Lookups!$B$8^2/C43)) -> 0.0054706375 | G43: =IF(C43=0,0,(E43+Lookups!$B$8^2/(2*C43)+Lookups!$B$8*SQRT(E43*(1-E43)/C43+Lookups!$B$8^2/(4*C43^2)))/(1+Lookups!$B$8^2/C43)) -> 0.046098832 | H43: =C43/Summary!$B$4 -> 0.04136253 | I43: =D43/Summary!$B$5 -> 0.039473684 | J43: =E43/Summary!$B$6 -> 0.95433437 | K43: =IF(C43<100,"Small sample",IF(J43>=2,"High",IF(J43<0.5,"Low","Near portfolio"))) -> Near portfolio
A45: risk_tier | B45: Low | C45: =COUNTIFS(Cleaned_Data!$Q$2:$Q$4522,B45) -> 3567 | D45: =SUMIFS(Cleaned_Data!$J$2:$J$4522,Cleaned_Data!$Q$2:$Q$4522,B45) -> 23 | E45: =IF(C45=0,0,D45/C45) -> 0.0064479955 | F45: =IF(C45=0,0,(E45+Lookups!$B$8^2/(2*C45)-Lookups!$B$8*SQRT(E45*(1-E45)/C45+Lookups!$B$8^2/(4*C45^2)))/(1+Lookups!$B$8^2/C45)) -> 0.0043005163 | G45: =IF(C45=0,0,(E45+Lookups!$B$8^2/(2*C45)+Lookups!$B$8*SQRT(E45*(1-E45)/C45+Lookups!$B$8^2/(4*C45^2)))/(1+Lookups!$B$8^2/C45)) -> 0.0096574257 | H45: =C45/Summary!$B$4 -> 0.78898474 | I45: =D45/Summary!$B$5 -> 0.30263158 | J45: =E45/Summary!$B$6 -> 0.38357089 | K45: =IF(C45<100,"Small sample",IF(J45>=2,"High",IF(J45<0.5,"Low","Near portfolio"))) -> Low
A46: risk_tier | B46: Medium | C46: =COUNTIFS(Cleaned_Data!$Q$2:$Q$4522,B46) -> 588 | D46: =SUMIFS(Cleaned_Data!$J$2:$J$4522,Cleaned_Data!$Q$2:$Q$4522,B46) -> 10 | E46: =IF(C46=0,0,D46/C46) -> 0.017006803 | F46: =IF(C46=0,0,(E46+Lookups!$B$8^2/(2*C46)-Lookups!$B$8*SQRT(E46*(1-E46)/C46+Lookups!$B$8^2/(4*C46^2)))/(1+Lookups!$B$8^2/C46)) -> 0.0092634016 | G46: =IF(C46=0,0,(E46+Lookups!$B$8^2/(2*C46)+Lookups!$B$8*SQRT(E46*(1-E46)/C46+Lookups!$B$8^2/(4*C46^2)))/(1+Lookups!$B$8^2/C46)) -> 0.03102035 | H46: =C46/Summary!$B$4 -> 0.13005972 | I46: =D46/Summary!$B$5 -> 0.13157895 | J46: =E46/Summary!$B$6 -> 1.011681 | K46: =IF(C46<100,"Small sample",IF(J46>=2,"High",IF(J46<0.5,"Low","Near portfolio"))) -> Near portfolio
A47: risk_tier | B47: High | C47: =COUNTIFS(Cleaned_Data!$Q$2:$Q$4522,B47) -> 366 | D47: =SUMIFS(Cleaned_Data!$J$2:$J$4522,Cleaned_Data!$Q$2:$Q$4522,B47) -> 43 | E47: =IF(C47=0,0,D47/C47) -> 0.11748634 | F47: =IF(C47=0,0,(E47+Lookups!$B$8^2/(2*C47)-Lookups!$B$8*SQRT(E47*(1-E47)/C47+Lookups!$B$8^2/(4*C47^2)))/(1+Lookups!$B$8^2/C47)) -> 0.088402638 | G47: =IF(C47=0,0,(E47+Lookups!$B$8^2/(2*C47)+Lookups!$B$8*SQRT(E47*(1-E47)/C47+Lookups!$B$8^2/(4*C47^2)))/(1+Lookups!$B$8^2/C47)) -> 0.15451649 | H47: =C47/Summary!$B$4 -> 0.080955541 | I47: =D47/Summary!$B$5 -> 0.56578947 | J47: =E47/Summary!$B$6 -> 6.9888913 | K47: =IF(C47<100,"Small sample",IF(J47>=2,"High",IF(J47<0.5,"Low","Near portfolio"))) -> High

Sheet Summary
A1: Portfolio summary (all figures are formulas)
A3: Metric | B3: Value | C3: Definition
A4: Total customers | B4: =COUNTA(Cleaned_Data!$A$2:$A$4522) -> 4521 | C4: Rows in Cleaned_Data
A5: Defaulted customers | B5: =SUM(Cleaned_Data!$J$2:$J$4522) -> 76 | C5: default = yes
A6: Overall default rate | B6: =B5/B4 -> 0.01681044 | C6: Defaults / customers
A7: 95% CI low | B7: =(B6+Lookups!B8^2/(2*B4)-Lookups!B8*SQRT(B6*(1-B6)/B4+Lookups!B8^2/(4*B4^2)))/(1+Lookups!B8^2/B4) -> 0.013452318 | C7: Wilson interval
A8: 95% CI high | B8: =(B6+Lookups!B8^2/(2*B4)+Lookups!B8*SQRT(B6*(1-B6)/B4+Lookups!B8^2/(4*B4^2)))/(1+Lookups!B8^2/B4) -> 0.02098902 | C8: Wilson interval
A9: Customers with negative balance | B9: =SUM(Cleaned_Data!$M$2:$M$4522) -> 366 | C9: balance < 0
A10: Default rate, negative balance | B10: =SUMIFS(Cleaned_Data!$J$2:$J$4522,Cleaned_Data!$M$2:$M$4522,1)/B9 -> 0.11748634 | C10: Defaults / negative balance customers
A11: Default rate, non negative balance | B11: =SUMIFS(Cleaned_Data!$J$2:$J$4522,Cleaned_Data!$M$2:$M$4522,0)/(B4-B9) -> 0.0079422383 | C11: Defaults / other customers
A12: Share of defaults from negative balance | B12: =SUMIFS(Cleaned_Data!$J$2:$J$4522,Cleaned_Data!$M$2:$M$4522,1)/B5 -> 0.56578947 | C12: Concentration
A13: Median balance, defaulted | B13: {=MEDIAN(IF(Cleaned_Data!$J$2:$J$4522=1,Cleaned_Data!$G$2:$G$4522))} -> -19 | C13: Array formula
A14: Median balance, all customers | B14: =MEDIAN(Cleaned_Data!$G$2:$G$4522) -> 444
A15: Customers with personal loan | B15: =SUM(Cleaned_Data!$L$2:$L$4522) -> 691 | C15: Holder count (no loan amounts available)
A16: Customers with housing loan | B16: =SUM(Cleaned_Data!$K$2:$K$4522) -> 2559 | C16: Holder count (no loan amounts available)
A17: Average balance, all customers | B17: =AVERAGE(Cleaned_Data!$G$2:$G$4522) -> 1422.6578 | C17: Deposit balance, not loan exposure
A20: Reading the numbers
A21: ="Negative balance customers are "&TEXT(B9/B4,"0.0%")&" of the portfolio but hold "&TEXT(B12,"0.0%")&" of all defaults." -> Negative balance customers are 8.1% of the portfolio but hold 56.6% of all defaults.
A22: =IF(B10>2*B11,"Default rate for negative balance customers is more than twice the rate for others: priority monitoring segment.","No strong separation on this indicator.") -> Default rate for negative balance customers is more than twice the rate for others: priority monitoring segment.
A23: Association only. Balance may be a result of default or a shared third factor. No loan amounts exist, so exposure, LGD and ECL cannot be computed.

Sheet Dashboard
A1: Credit Risk Monitoring Dashboard (Excel prototype)
A3: Customers | D3: Defaults | G3: Default rate | J3: Neg. balance default rate
A4: =Summary!B4 -> 4521 | D4: =Summary!B5 -> 76 | G4: =Summary!B6 -> 0.01681044 | J4: =Summary!B10 -> 0.11748634

Sheet Pivot_Guide
A1: Pivot tables must be created in Excel itself (this file was generated by code, which cannot create pivots).
A2: 1. Go to Cleaned_Data. Click any cell. Insert > PivotTable > New Worksheet.
A3: 2. Rows: balance_band. Values: Count of customer_id (rename 'Customers'), Sum of default_flag (rename 'Defaults').
A4: 3. Add a calculated field: Default rate = default_flag / customer_id is awkward with counts, so instead set Values > Average of default_flag and format as percent. Average of a 0/1 flag equals the default rate.
A5: 4. Repeat with risk_tier, job, age_band as Rows. Insert > Slicer on personal_loan and marital for filtering.
A6: 5. Compare each pivot with the matching block in Risk_Analysis. The numbers must agree. That is your validation step.
A7: Lookup note: XLOOKUP works in Excel 365. This file uses INDEX/MATCH (risk_tier column) because it works in every version. XLOOKUP equivalent: =XLOOKUP(P2,Lookups!D2:D5,Lookups!E2:E5).
